,query,target_query,generated_query
0,ce qui fait [Helen Mack] star dans,"[Statement.SyntaxError] Invalid input 'MATCH (a:Actor {name: 'Helen Mack'})<-[:STARRED_ACTORS]-(m:Movie) RETURN m.name': expected
  ""ALTER""
  ""CALL""
  ""CREATE""
  ""DEALLOCATE""
  ""DELETE""
  ""DENY""
  ""DETACH""
  ""DROP""
  ""DRYRUN""
  ""ENABLE""
  ""FOREACH""
  ""GRANT""
  ""LOAD""
  ""MATCH""
  ""MERGE""
  ""OPTIONAL""
  ""REALLOCATE""
  ""REMOVE""
  ""RENAME""
  ""RETURN""
  ""REVOKE""
  ""SET""
  ""SHOW""
  ""START""
  ""STOP""
  ""TERMINATE""
  ""UNWIND""
  ""USE""
  ""USING""
  ""WITH"" (line 1, column 1 (offset: 0))
""""MATCH (a:Actor {name: 'Helen Mack'})<-[:STARRED_ACTORS]-(m:Movie) RETURN m.name""""
 ^","{'Kiss and Make-Up', 'The Son of Kong', 'Divorce'}"
1,ce qui fait [Doug Collins] star dans,"[Statement.SyntaxError] Invalid input 'MATCH (m:Movie)-[:STARRED_ACTORS]->(a:Actor {name: 'Doug Collins'}) RETURN m.name': expected
  ""ALTER""
  ""CALL""
  ""CREATE""
  ""DEALLOCATE""
  ""DELETE""
  ""DENY""
  ""DETACH""
  ""DROP""
  ""DRYRUN""
  ""ENABLE""
  ""FOREACH""
  ""GRANT""
  ""LOAD""
  ""MATCH""
  ""MERGE""
  ""OPTIONAL""
  ""REALLOCATE""
  ""REMOVE""
  ""RENAME""
  ""RETURN""
  ""REVOKE""
  ""SET""
  ""SHOW""
  ""START""
  ""STOP""
  ""TERMINATE""
  ""UNWIND""
  ""USE""
  ""USING""
  ""WITH"" (line 1, column 1 (offset: 0))
""""MATCH (m:Movie)-[:STARRED_ACTORS]->(a:Actor {name: 'Doug Collins'}) RETURN m.name""""
 ^",{'Michael Jordan to the Max'}
